Category,Tag 1,Tag 2,Tag 3,Tag 4,Tag 5
Automation and personal organization,Automation of routine/repetitive tasks,"Scheduling, organization, and reminders",Smart home and everyday tool integration,,
"Communication, translation, and accessibility improvements",Improved accessibility for disabilities/ESL,Quality improvement in communication style,Translation and language support,,
Content creation and media exposure (including deepfakes),"Content creation: images, music, videos",Greater distrust of online media/deepfakes,Increased exposure to AI-generated content,,
"Creative, learning, and writing support",Brainstorming and creativity support,"Learning aid: studying, tutoring, explanations","Writing help: emails, documents, summaries",,
Employment and societal impacts,Customer service/chatbots replacing humans,Job displacement and reduced opportunities,Not much/no noticeable change for some,,
Personal life assistance and recommendations,E-commerce/travel planning and comparisons,Emotional support and companionship,Health and medical advice (non-urgent),More personalized experiences across apps,Personal decision-making and recommendations
"Privacy, security, and dependency concerns",Privacy and security concerns,Reduced independent thinking/overreliance,,,
"Search, research, and information access changes",Research acceleration and information synthesis,Using AI instead of traditional web search,,,
Work and productivity enhancements,Coding assistance and debugging,Faster task completion and time savings,Improved productivity and efficiency at work,Resume/CV and job application assistance,
Uncategorized,Other,,,,
,Uninformative answer,,,,
