Category,Tag 1,Tag 2,Tag 3,Tag 4,Tag 5,Tag 6
Education and Learning,"Education, learning, and tutoring",,,,,
Entertainment and Leisure,Creative inspiration and content generation,Entertainment and leisure recommendations,,,,
Financial and Legal Support,Financial planning and budgeting,Legal and policy information simplification,Shopping assistance and deal finding,,,
Health and Wellbeing,Accessibility and support for neurodiversity,"Healthcare advice, diagnosis, and monitoring",Mental health and emotional support,Supporting people with disabilities or aging,,
Home and Daily Life Management,Childcare and family management,Home automation and smart devices,Household chores and maintenance,"Meal planning, nutrition, and grocery shopping","Safety, security, and crime prevention",Travel and holiday planning
Information and Decision Support,Data analysis and reporting,Decision-making and problem-solving,Information retrieval and research,Personalized recommendations and advice,,
Productivity and Organization,Automating repetitive and mundane tasks,Personal organization and life admin,Personal productivity and time management,Scheduling and reminders,"Writing, editing, and communication support",
Social and Emotional Support,Companionship and social interaction,,,,,
Work and Career Support,"Job search, applications, and career support",Workplace efficiency and admin automation,,,,
Uncategorized,Other,,,,,
,Uninformative answer,,,,,
